<?xml version="1.0" encoding="UTF-8"?>
<metadata xml:lang="es"><Esri><CreaDate>20200331</CreaDate><CreaTime>14370600</CreaTime><ArcGISFormat>1.0</ArcGISFormat><ArcGISstyle>XTools Pro Metadata</ArcGISstyle><SyncOnce>FALSE</SyncOnce><DataProperties><itemProps><itemName Sync="TRUE">DISTRITOS</itemName><imsContentType Sync="TRUE">002</imsContentType><itemLocation><linkage Sync="TRUE">file://\\CIDEPC01\H$\DEMARCACION\BASE2018\Descarga\DISTRITOS.shp</linkage><protocol Sync="TRUE">Local Area Network</protocol></itemLocation><itemSize Sync="TRUE">0.000</itemSize><nativeExtBox><westBL Sync="TRUE">-81.328230</westBL><eastBL Sync="TRUE">-68.652279</eastBL><southBL Sync="TRUE">-18.350928</southBL><northBL Sync="TRUE">-0.038606</northBL><exTypeCode Sync="TRUE">1</exTypeCode></nativeExtBox></itemProps><coordRef><type Sync="TRUE">Geographic</type><geogcsn Sync="TRUE">GCS_WGS_1984</geogcsn><peXml Sync="TRUE">&lt;GeographicCoordinateSystem xsi:type='typens:GeographicCoordinateSystem' xmlns:xsi='http://www.w3.org/2001/XMLSchema-instance' xmlns:xs='http://www.w3.org/2001/XMLSchema' xmlns:typens='http://www.esri.com/schemas/ArcGIS/10.1'&gt;&lt;WKT&gt;GEOGCS[&amp;quot;GCS_WGS_1984&amp;quot;,DATUM[&amp;quot;D_WGS_1984&amp;quot;,SPHEROID[&amp;quot;WGS_1984&amp;quot;,6378137.0,298.257223563]],PRIMEM[&amp;quot;Greenwich&amp;quot;,0.0],UNIT[&amp;quot;Degree&amp;quot;,0.0174532925199433],AUTHORITY[&amp;quot;EPSG&amp;quot;,4326]]&lt;/WKT&gt;&lt;XOrigin&gt;-400&lt;/XOrigin&gt;&lt;YOrigin&gt;-400&lt;/YOrigin&gt;&lt;XYScale&gt;11258999068426.238&lt;/XYScale&gt;&lt;ZOrigin&gt;-100000&lt;/ZOrigin&gt;&lt;ZScale&gt;10000&lt;/ZScale&gt;&lt;MOrigin&gt;-100000&lt;/MOrigin&gt;&lt;MScale&gt;10000&lt;/MScale&gt;&lt;XYTolerance&gt;8.983152841195215e-009&lt;/XYTolerance&gt;&lt;ZTolerance&gt;0.001&lt;/ZTolerance&gt;&lt;MTolerance&gt;0.001&lt;/MTolerance&gt;&lt;HighPrecision&gt;true&lt;/HighPrecision&gt;&lt;LeftLongitude&gt;-180&lt;/LeftLongitude&gt;&lt;WKID&gt;4326&lt;/WKID&gt;&lt;LatestWKID&gt;4326&lt;/LatestWKID&gt;&lt;/GeographicCoordinateSystem&gt;</peXml><csUnits Sync="TRUE">Angular Unit: Degree (0.017453)</csUnits></coordRef><lineage><Process ToolSource="C:\Program Files (x86)\ArcGIS\Desktop10.0\ArcToolbox\Toolboxes\Conversion Tools.tbx\FeatureClassToFeatureClass" Date="20131205" Time="092518">FeatureClassToFeatureClass DISTRITO_2013 "D:\CESAR MALDONADO\LIMITES_2013\GEODATABASE_OCT_2013\LIMITES_2013.mdb\OCT2013" DISTRITO_2013 # "IDDPTO "IDDPTO" true true false 2 Text 0 0 ,First,#,D:\CESAR MALDONADO\LIMITES_2013\SHAPE_OCT_2013\DISTRITO_2013.shp,IDDPTO,-1,-1;NOMBDEP "NOMBDEP" true true false 25 Text 0 0 ,First,#,D:\CESAR MALDONADO\LIMITES_2013\SHAPE_OCT_2013\DISTRITO_2013.shp,NOMBDEP,-1,-1;IDPROV "IDPROV" true true false 4 Text 0 0 ,First,#,D:\CESAR MALDONADO\LIMITES_2013\SHAPE_OCT_2013\DISTRITO_2013.shp,IDPROV,-1,-1;NOMBPROV "NOMBPROV" true true false 40 Text 0 0 ,First,#,D:\CESAR MALDONADO\LIMITES_2013\SHAPE_OCT_2013\DISTRITO_2013.shp,NOMBPROV,-1,-1;IDDIST "IDDIST" true true false 8 Text 0 0 ,First,#,D:\CESAR MALDONADO\LIMITES_2013\SHAPE_OCT_2013\DISTRITO_2013.shp,IDDIST,-1,-1;NOMBDIST "NOMBDIST" true true false 50 Text 0 0 ,First,#,D:\CESAR MALDONADO\LIMITES_2013\SHAPE_OCT_2013\DISTRITO_2013.shp,NOMBDIST,-1,-1;DCTO "DCTO" true true false 6 Text 0 0 ,First,#,D:\CESAR MALDONADO\LIMITES_2013\SHAPE_OCT_2013\DISTRITO_2013.shp,DCTO,-1,-1;LEY "LEY" true true false 6 Text 0 0 ,First,#,D:\CESAR MALDONADO\LIMITES_2013\SHAPE_OCT_2013\DISTRITO_2013.shp,LEY,-1,-1;FECHA "FECHA" true true false 12 Text 0 0 ,First,#,D:\CESAR MALDONADO\LIMITES_2013\SHAPE_OCT_2013\DISTRITO_2013.shp,FECHA,-1,-1;NOM_CAP "NOM_CAP" true true false 40 Text 0 0 ,First,#,D:\CESAR MALDONADO\LIMITES_2013\SHAPE_OCT_2013\DISTRITO_2013.shp,NOM_CAP,-1,-1;SUP_CONTIN "SUP_CONTIN" true true false 19 Double 0 0 ,First,#,D:\CESAR MALDONADO\LIMITES_2013\SHAPE_OCT_2013\DISTRITO_2013.shp,SUP_CONTIN,-1,-1;SUP_INSULA "SUP_INSULA" true true false 19 Double 0 0 ,First,#,D:\CESAR MALDONADO\LIMITES_2013\SHAPE_OCT_2013\DISTRITO_2013.shp,SUP_INSULA,-1,-1;SUP_LACUST "SUP_LACUST" true true false 19 Double 0 0 ,First,#,D:\CESAR MALDONADO\LIMITES_2013\SHAPE_OCT_2013\DISTRITO_2013.shp,SUP_LACUST,-1,-1;SUP_INS_D "SUP_INS_D" true true false 19 Double 0 0 ,First,#,D:\CESAR MALDONADO\LIMITES_2013\SHAPE_OCT_2013\DISTRITO_2013.shp,SUP_INS_D,-1,-1" #</Process><Process ToolSource="C:\Program Files (x86)\ArcGIS\Desktop10.0\ArcToolbox\Toolboxes\Data Management Tools.tbx\CalculateField" Date="20131205" Time="095537">CalculateField DISTRITO_2013 NOMBPROV "NASCA" VB #</Process><Process ToolSource="C:\Program Files (x86)\ArcGIS\Desktop10.0\ArcToolbox\Toolboxes\Data Management Tools.tbx\CalculateField" Date="20131205" Time="095545">CalculateField DISTRITO_2013 NOMBDIST "NASCA" VB #</Process><Process ToolSource="c:\program files (x86)\arcgis\desktop10.2\ArcToolbox\Toolboxes\Data Management Tools.tbx\CalculateField" Date="20131209" Time="111511">CalculateField DISTRITO_2013 NOM_CAP "NASCA" VB #</Process><Process ToolSource="c:\program files (x86)\arcgis\desktop10.2\ArcToolbox\Toolboxes\Data Management Tools.tbx\CalculateField" Date="20140527" Time="151052">CalculateField DISTRITO_22_05_2014 SUP_CONTIN "127.51" VB #</Process><Process ToolSource="c:\program files (x86)\arcgis\desktop10.2\ArcToolbox\Toolboxes\Data Management Tools.tbx\CalculateField" Date="20140530" Time="102922">CalculateField DISTRITO_30_05_2014 NOMBPROV "PUTUMAYO" VB #</Process><Process ToolSource="c:\program files (x86)\arcgis\desktop10.2\ArcToolbox\Toolboxes\Data Management Tools.tbx\CalculateField" Date="20140530" Time="102941">CalculateField DISTRITO_30_05_2014 IDPROV "1608" VB #</Process><Process ToolSource="c:\program files (x86)\arcgis\desktop10.2\ArcToolbox\Toolboxes\Data Management Tools.tbx\CalculateField" Date="20140617" Time="095700">CalculateField DISTRITO_01_06_2014 NOM_CAP "NUEVA MOROCOCHA" VB #</Process><Process ToolSource="c:\program files (x86)\arcgis\desktop10.2\ArcToolbox\Toolboxes\Data Management Tools.tbx\CalculateField" Date="20140805" Time="095731">CalculateField DISTRITO_11_07_2014 AÑO Left( [FECHA],4 ) VB #</Process><Process ToolSource="c:\program files (x86)\arcgis\desktop10.2\ArcToolbox\Toolboxes\Data Management Tools.tbx\CalculateField" Date="20140805" Time="095744">CalculateField DISTRITO_11_07_2014 AÑO Right( [FECHA],4 ) VB #</Process><Process ToolSource="c:\program files (x86)\arcgis\desktop10.2\ArcToolbox\Toolboxes\Conversion Tools.tbx\FeatureClassToFeatureClass" Date="20140806" Time="123145">FeatureClassToFeatureClass DISTRITO_06_08_2014 "D:\CESAR MALDONADO\LIMITES 2014\LIMITE 06 AGOSTO\LIMITE2014.mdb\WGS84" DISTRITO_06_08_2014 # "IDDPTO "IDDPTO" true true false 2 Text 0 0 ,First,#,DISTRITO_06_08_2014,IDDPTO,-1,-1;NOMBDEP "NOMBDEP" true true false 25 Text 0 0 ,First,#,DISTRITO_06_08_2014,NOMBDEP,-1,-1;IDPROV "IDPROV" true true false 4 Text 0 0 ,First,#,DISTRITO_06_08_2014,IDPROV,-1,-1;NOMBPROV "NOMBPROV" true true false 40 Text 0 0 ,First,#,DISTRITO_06_08_2014,NOMBPROV,-1,-1;IDDIST "IDDIST" true true false 8 Text 0 0 ,First,#,DISTRITO_06_08_2014,IDDIST,-1,-1;NOMBDIST "NOMBDIST" true true false 50 Text 0 0 ,First,#,DISTRITO_06_08_2014,NOMBDIST,-1,-1;DCTO "DCTO" true true false 6 Text 0 0 ,First,#,DISTRITO_06_08_2014,DCTO,-1,-1;LEY "LEY" true true false 6 Text 0 0 ,First,#,DISTRITO_06_08_2014,LEY,-1,-1;FECHA "FECHA" true true false 12 Text 0 0 ,First,#,DISTRITO_06_08_2014,FECHA,-1,-1;NOM_CAP "NOM_CAP" true true false 40 Text 0 0 ,First,#,DISTRITO_06_08_2014,NOM_CAP,-1,-1;SUP_CONTIN "SUP_CONTIN" true true false 19 Double 0 0 ,First,#,DISTRITO_06_08_2014,SUP_CONTIN,-1,-1;SUP_INSULA "SUP_INSULA" true true false 19 Double 0 0 ,First,#,DISTRITO_06_08_2014,SUP_INSULA,-1,-1;SUP_LACUST "SUP_LACUST" true true false 19 Double 0 0 ,First,#,DISTRITO_06_08_2014,SUP_LACUST,-1,-1;SUP_INS_D "SUP_INS_D" true true false 19 Double 0 0 ,First,#,DISTRITO_06_08_2014,SUP_INS_D,-1,-1" #</Process><Process ToolSource="c:\program files (x86)\arcgis\desktop10.2\ArcToolbox\Toolboxes\Data Management Tools.tbx\CalculateField" Date="20140807" Time="083558">CalculateField DISTRITO_06_08_2014 SUP_CONTIN "172.34" VB #</Process><Process ToolSource="c:\program files (x86)\arcgis\desktop10.2\ArcToolbox\Toolboxes\Data Management Tools.tbx\CalculateField" Date="20140807" Time="083931">CalculateField DISTRITO_06_08_2014 SUP_CONTIN "408.66" VB #</Process><Process ToolSource="c:\program files (x86)\arcgis\desktop10.2\ArcToolbox\Toolboxes\Data Management Tools.tbx\CalculateField" Date="20150114" Time="175509">CalculateField DISTRITO_02_12_2014 UBIGEO [IDDIST] VB #</Process><Process ToolSource="c:\program files (x86)\arcgis\desktop10.2\ArcToolbox\Toolboxes\Data Management Tools.tbx\Merge" Date="20150331" Time="112036">Merge DIST1;PADRE_ABAD_GRUPO F:\DEMARCACION_TERRITORIAL\PROV_PADRE_ABAD\SHAPE\SHAPE_POLIGONO\DIST2.shp "IDDPTO "IDDPTO" true true false 2 Text 0 0 ,First,#,DIST1,IDDPTO,-1,-1,PADRE_ABAD_GRUPO,IDDPTO,-1,-1;NOMBDEP "NOMBDEP" true true false 25 Text 0 0 ,First,#,DIST1,NOMBDEP,-1,-1,PADRE_ABAD_GRUPO,NOMBDEP,-1,-1;IDPROV "IDPROV" true true false 4 Text 0 0 ,First,#,DIST1,IDPROV,-1,-1,PADRE_ABAD_GRUPO,IDPROV,-1,-1;NOMBPROV "NOMBPROV" true true false 40 Text 0 0 ,First,#,DIST1,NOMBPROV,-1,-1,PADRE_ABAD_GRUPO,NOMBPROV,-1,-1;IDDIST "IDDIST" true true false 8 Text 0 0 ,First,#,DIST1,IDDIST,-1,-1,PADRE_ABAD_GRUPO,IDDIST,-1,-1;NOMBDIST "NOMBDIST" true true false 50 Text 0 0 ,First,#,DIST1,NOMBDIST,-1,-1,PADRE_ABAD_GRUPO,NOMBDIST,-1,-1;DCTO "DCTO" true true false 6 Text 0 0 ,First,#,DIST1,DCTO,-1,-1,PADRE_ABAD_GRUPO,DCTO,-1,-1;LEY "LEY" true true false 6 Text 0 0 ,First,#,DIST1,LEY,-1,-1,PADRE_ABAD_GRUPO,LEY,-1,-1;FECHA "FECHA" true true false 12 Text 0 0 ,First,#,DIST1,FECHA,-1,-1,PADRE_ABAD_GRUPO,FECHA,-1,-1;NOM_CAP "NOM_CAP" true true false 40 Text 0 0 ,First,#,DIST1,NOM_CAP,-1,-1,PADRE_ABAD_GRUPO,NOM_CAP,-1,-1;SUP_CONTIN "SUP_CONTIN" true true false 19 Double 0 0 ,First,#,DIST1,SUP_CONTIN,-1,-1,PADRE_ABAD_GRUPO,SUP_CONTIN,-1,-1;SUP_INSULA "SUP_INSULA" true true false 19 Double 0 0 ,First,#,DIST1,SUP_INSULA,-1,-1,PADRE_ABAD_GRUPO,SUP_INSULA,-1,-1;SUP_LACUST "SUP_LACUST" true true false 19 Double 0 0 ,First,#,DIST1,SUP_LACUST,-1,-1,PADRE_ABAD_GRUPO,SUP_LACUST,-1,-1;SUP_INS_D "SUP_INS_D" true true false 19 Double 0 0 ,First,#,DIST1,SUP_INS_D,-1,-1,PADRE_ABAD_GRUPO,SUP_INS_D,-1,-1"</Process><Process ToolSource="c:\program files (x86)\arcgis\desktop10.2\ArcToolbox\Toolboxes\Data Management Tools.tbx\CalculateField" Date="20150331" Time="124556">CalculateField NUEVA SUP_CONTIN 0 VB #</Process><Process ToolSource="c:\program files (x86)\arcgis\desktop10.2\ArcToolbox\Toolboxes\Data Management Tools.tbx\CalculateField" Date="20150409" Time="161722">CalculateField DIST_NUE UBIGEO [IDDIST] VB #</Process><Process ToolSource="c:\program files (x86)\arcgis\desktop10.2\ArcToolbox\Toolboxes\Data Management Tools.tbx\Merge" Date="20150409" Time="164229">Merge DIST_NUE;DISTRITO F:\DEMARCACION_TERRITORIAL\PROV_PADRE_ABAD\shape_final\DISTRITO_16_03_2015.shp "IDDPTO "IDDPTO" true true false 2 Text 0 0 ,First,#,DIST_NUE,IDDPTO,-1,-1,DISTRITO,IDDPTO,-1,-1;NOMBDEP "NOMBDEP" true true false 25 Text 0 0 ,First,#,DIST_NUE,NOMBDEP,-1,-1,DISTRITO,NOMBDEP,-1,-1;IDPROV "IDPROV" true true false 4 Text 0 0 ,First,#,DIST_NUE,IDPROV,-1,-1,DISTRITO,IDPROV,-1,-1;NOMBPROV "NOMBPROV" true true false 40 Text 0 0 ,First,#,DIST_NUE,NOMBPROV,-1,-1,DISTRITO,NOMBPROV,-1,-1;IDDIST "IDDIST" true true false 8 Text 0 0 ,First,#,DIST_NUE,IDDIST,-1,-1,DISTRITO,IDDIST,-1,-1;NOMBDIST "NOMBDIST" true true false 50 Text 0 0 ,First,#,DIST_NUE,NOMBDIST,-1,-1,DISTRITO,NOMBDIST,-1,-1;DCTO "DCTO" true true false 6 Text 0 0 ,First,#,DIST_NUE,DCTO,-1,-1,DISTRITO,DCTO,-1,-1;LEY "LEY" true true false 6 Text 0 0 ,First,#,DIST_NUE,LEY,-1,-1,DISTRITO,LEY,-1,-1;FECHA "FECHA" true true false 12 Text 0 0 ,First,#,DIST_NUE,FECHA,-1,-1,DISTRITO,FECHA,-1,-1;NOM_CAP "NOM_CAP" true true false 40 Text 0 0 ,First,#,DIST_NUE,NOM_CAP,-1,-1,DISTRITO,NOM_CAP,-1,-1;SUP_CONTIN "SUP_CONTIN" true true false 19 Double 0 0 ,First,#,DIST_NUE,SUP_CONTIN,-1,-1,DISTRITO,SUP_CONTIN,-1,-1;SUP_INSULA "SUP_INSULA" true true false 19 Double 0 0 ,First,#,DIST_NUE,SUP_INSULA,-1,-1,DISTRITO,SUP_INSULA,-1,-1;SUP_LACUST "SUP_LACUST" true true false 19 Double 0 0 ,First,#,DIST_NUE,SUP_LACUST,-1,-1,DISTRITO,SUP_LACUST,-1,-1;SUP_INS_D "SUP_INS_D" true true false 19 Double 0 0 ,First,#,DIST_NUE,SUP_INS_D,-1,-1,DISTRITO,SUP_INS_D,-1,-1;UBIGEO "UBIGEO" true true false 6 Text 0 0 ,First,#,DIST_NUE,UBIGEO,-1,-1,DISTRITO,UBIGEO,-1,-1"</Process><Process ToolSource="c:\program files (x86)\arcgis\desktop10.3\ArcToolbox\Toolboxes\Data Management Tools.tbx\Merge" Date="20160801" Time="090848">Merge DISTRITO_05_07_2016;PROV_LEONCIO_PRADO "D:\DISTRITO SANTO DOMINGO  DE ANDA\SHAPES DISTRITO A TRATAR\DISTRITO_23_07_2016.shp" "IDDPTO "IDDPTO" true true false 2 Text 0 0 ,First,#,DISTRITO_05_07_2016,IDDPTO,-1,-1,PROV_LEONCIO_PRADO,IDDPTO,-1,-1;NOMBDEP "NOMBDEP" true true false 25 Text 0 0 ,First,#,DISTRITO_05_07_2016,NOMBDEP,-1,-1,PROV_LEONCIO_PRADO,NOMBDEP,-1,-1;IDPROV "IDPROV" true true false 4 Text 0 0 ,First,#,DISTRITO_05_07_2016,IDPROV,-1,-1,PROV_LEONCIO_PRADO,IDPROV,-1,-1;NOMBPROV "NOMBPROV" true true false 40 Text 0 0 ,First,#,DISTRITO_05_07_2016,NOMBPROV,-1,-1,PROV_LEONCIO_PRADO,NOMBPROV,-1,-1;IDDIST "IDDIST" true true false 8 Text 0 0 ,First,#,DISTRITO_05_07_2016,IDDIST,-1,-1,PROV_LEONCIO_PRADO,IDDIST,-1,-1;NOMBDIST "NOMBDIST" true true false 50 Text 0 0 ,First,#,DISTRITO_05_07_2016,NOMBDIST,-1,-1,PROV_LEONCIO_PRADO,NOMBDIST,-1,-1;DCTO "DCTO" true true false 6 Text 0 0 ,First,#,DISTRITO_05_07_2016,DCTO,-1,-1,PROV_LEONCIO_PRADO,DCTO,-1,-1;LEY "LEY" true true false 6 Text 0 0 ,First,#,DISTRITO_05_07_2016,LEY,-1,-1,PROV_LEONCIO_PRADO,LEY,-1,-1;FECHA "FECHA" true true false 12 Text 0 0 ,First,#,DISTRITO_05_07_2016,FECHA,-1,-1,PROV_LEONCIO_PRADO,FECHA,-1,-1;NOM_CAP "NOM_CAP" true true false 40 Text 0 0 ,First,#,DISTRITO_05_07_2016,NOM_CAP,-1,-1,PROV_LEONCIO_PRADO,NOM_CAP,-1,-1;SUP_CONTIN "SUP_CONTIN" true true false 19 Double 0 0 ,First,#,DISTRITO_05_07_2016,SUP_CONTIN,-1,-1,PROV_LEONCIO_PRADO,SUP_CONTIN,-1,-1;SUP_INSULA "SUP_INSULA" true true false 19 Double 0 0 ,First,#,DISTRITO_05_07_2016,SUP_INSULA,-1,-1,PROV_LEONCIO_PRADO,SUP_INSULA,-1,-1;SUP_LACUST "SUP_LACUST" true true false 19 Double 0 0 ,First,#,DISTRITO_05_07_2016,SUP_LACUST,-1,-1,PROV_LEONCIO_PRADO,SUP_LACUST,-1,-1;SUP_INS_D "SUP_INS_D" true true false 19 Double 0 0 ,First,#,DISTRITO_05_07_2016,SUP_INS_D,-1,-1,PROV_LEONCIO_PRADO,SUP_INS_D,-1,-1"</Process><Process ToolSource="c:\program files (x86)\arcgis\desktop10.3\ArcToolbox\Toolboxes\Data Management Tools.tbx\CalculateField" Date="20161122" Time="095335">CalculateField DISTRITO_30_DE_JULIO_2016 NOMBDIST "SAN PEDRO DE LARAOS" VB #</Process><Process ToolSource="c:\program files (x86)\arcgis\desktop10.4\ArcToolbox\Toolboxes\Data Management Tools.tbx\CalculateField" Date="20180219" Time="124931">CalculateField DISTRITO_30_JULIO_2017 NOMBDIST "RAIMONDI" VB #</Process><Process ToolSource="c:\program files (x86)\arcgis\desktop10.4\ArcToolbox\Toolboxes\Data Management Tools.tbx\CalculateField" Date="20180322" Time="140000">CalculateField DISTRITO_30_JULIO_2017 NOMBDIST "HUALLA" VB #</Process><Process ToolSource="c:\program files (x86)\arcgis\desktop10.4\ArcToolbox\Toolboxes\Data Management Tools.tbx\CalculateField" Date="20180507" Time="151201">CalculateField DISTRITO_30_JULIO_2017 CIUDAD "VERIFICAR" VB #</Process><Process ToolSource="c:\program files (x86)\arcgis\desktop10.4\ArcToolbox\Toolboxes\Data Management Tools.tbx\CalculateField" Date="20180507" Time="151213">CalculateField DISTRITO_30_JULIO_2017 CIUDAD "VERIF" VB #</Process><Process ToolSource="c:\program files (x86)\arcgis\desktop10.4\ArcToolbox\Toolboxes\Data Management Tools.tbx\CalculateField" Date="20180814" Time="150604">CalculateField DISTRITO_30_JULIO_2017 CODCCPP "0001" VB #</Process><Process ToolSource="c:\program files (x86)\arcgis\desktop10.4\ArcToolbox\Toolboxes\Data Management Tools.tbx\CalculateField" Date="20180814" Time="150623">CalculateField DISTRITO_30_JULIO_2017 AREA 1 VB #</Process><Process ToolSource="c:\program files (x86)\arcgis\desktop10.1\ArcToolbox\Toolboxes\Data Management Tools.tbx\CalculateField" Date="20181017" Time="155710">CalculateField DISTRITO_30_JULIO_2018 FUENTE "INEI" VB #</Process><Process ToolSource="c:\program files (x86)\arcgis\desktop10.1\ArcToolbox\Toolboxes\Conversion Tools.tbx\FeatureClassToFeatureClass" Date="20181024" Time="145756">FeatureClassToFeatureClass H:\DEMARCACION\BASE2018\Demarcación\Limites_072018.gdb\DISTRITO H:\DEMARCACION\BASE2018\Descarga DISTRITOS.shp # "IDDPTO "IDDPTO" true false false 2 Text 0 0 ,First,#,H:\DEMARCACION\BASE2018\Demarcación\Limites_072018.gdb\DISTRITO,IDDPTO,-1,-1;DEPARTAMEN "DEPARTAMEN" true false false 25 Text 0 0 ,First,#,H:\DEMARCACION\BASE2018\Demarcación\Limites_072018.gdb\DISTRITO,DEPARTAMEN,-1,-1;IDPROV "IDPROV" true false false 4 Text 0 0 ,First,#,H:\DEMARCACION\BASE2018\Demarcación\Limites_072018.gdb\DISTRITO,IDPROV,-1,-1;PROVINCIA "PROVINCIA" true false false 40 Text 0 0 ,First,#,H:\DEMARCACION\BASE2018\Demarcación\Limites_072018.gdb\DISTRITO,PROVINCIA,-1,-1;IDDIST "IDDIST" true false false 8 Text 0 0 ,First,#,H:\DEMARCACION\BASE2018\Demarcación\Limites_072018.gdb\DISTRITO,IDDIST,-1,-1;DISTRITO "DISTRITO" true false false 50 Text 0 0 ,First,#,H:\DEMARCACION\BASE2018\Demarcación\Limites_072018.gdb\DISTRITO,DISTRITO,-1,-1;CAPITAL "CAPITAL" true false false 60 Text 0 0 ,First,#,H:\DEMARCACION\BASE2018\Demarcación\Limites_072018.gdb\DISTRITO,CAPITAL,-1,-1;CODCCPP "CODCCPP" true false false 4 Text 0 0 ,First,#,H:\DEMARCACION\BASE2018\Demarcación\Limites_072018.gdb\DISTRITO,CODCCPP,-1,-1;AREA "AREA" true false false 4 Long 0 0 ,First,#,H:\DEMARCACION\BASE2018\Demarcación\Limites_072018.gdb\DISTRITO,AREA,-1,-1;FUENTE "FUENTE" true false false 50 Text 0 0 ,First,#,H:\DEMARCACION\BASE2018\Demarcación\Limites_072018.gdb\DISTRITO,FUENTE,-1,-1" #</Process></lineage><copyHistory><copy source="D:\DISTRITO 23_JULIO_2016\DISTRITO_23_07_2016" dest="\\DRAMIREZ\D$\DISTRITO SAN MIGUEL_PUNO\DISTRITO_23_07_2016" date="20160802" time="10524900"></copy></copyHistory></DataProperties><SyncDate>20181024</SyncDate><SyncTime>14575500</SyncTime><ModDate>20181024</ModDate><ModTime>14575500</ModTime></Esri><dataIdInfo><envirDesc Sync="TRUE">Microsoft Windows 7 Version 6.1 (Build 7600) ; Esri ArcGIS 10.1.1.3143</envirDesc><dataLang><languageCode value="spa" country="ESP"></languageCode><countryCode value="PER" Sync="TRUE"></countryCode></dataLang><idCitation><resTitle Sync="TRUE">DISTRITOS</resTitle><presForm><PresFormCd value="005"></PresFormCd></presForm></idCitation><descKeys><thesaName uuidref="723f6998-058e-11dc-8314-0800200c9a66"></thesaName><keyword Sync="TRUE">002</keyword></descKeys><spatRpType><SpatRepTypCd value="001"></SpatRepTypCd></spatRpType><dataExt><geoEle><GeoBndBox esriExtentType="search"><exTypeCode Sync="TRUE">1</exTypeCode><westBL Sync="TRUE">-81.328230</westBL><eastBL Sync="TRUE">-68.652279</eastBL><northBL Sync="TRUE">-0.038606</northBL><southBL Sync="TRUE">-18.350928</southBL></GeoBndBox></geoEle></dataExt></dataIdInfo><mdLang><languageCode value="spa"></languageCode><countryCode value="PER" Sync="TRUE"></countryCode></mdLang><distInfo><distFormat><formatName Sync="TRUE">Shapefile</formatName></distFormat><distTranOps><transSize Sync="TRUE">0.000</transSize></distTranOps></distInfo><mdHrLv><ScopeCd value="005"></ScopeCd></mdHrLv><mdHrLvName Sync="TRUE">dataset</mdHrLvName><refSysInfo><RefSystem><refSysID><identCode code="4326"></identCode><idCodeSpace Sync="TRUE">EPSG</idCodeSpace><idVersion Sync="TRUE">7.11.2</idVersion></refSysID></RefSystem></refSysInfo><spdoinfo><direct Sync="TRUE">Vector</direct><ptvctinf><esriterm Name="DISTRITOS"><efeatyp Sync="TRUE">Simple</efeatyp><efeageom code="4" Sync="TRUE"></efeageom><esritopo Sync="TRUE">FALSE</esritopo><efeacnt Sync="TRUE">0</efeacnt><spindex Sync="TRUE">FALSE</spindex><linrefer Sync="TRUE">FALSE</linrefer></esriterm></ptvctinf></spdoinfo><spatRepInfo><VectSpatRep><geometObjs Name="DISTRITOS"><geoObjTyp><GeoObjTypCd value="002" Sync="TRUE"></GeoObjTypCd></geoObjTyp><geoObjCnt Sync="TRUE">0</geoObjCnt></geometObjs><topLvl><TopoLevCd value="001" Sync="TRUE"></TopoLevCd></topLvl></VectSpatRep></spatRepInfo><eainfo><detailed Name="DISTRITOS"><enttyp><enttypl Sync="TRUE">DISTRITOS</enttypl><enttypt Sync="TRUE">Feature Class</enttypt><enttypc Sync="TRUE">0</enttypc></enttyp><attr><attrlabl Sync="TRUE">FID</attrlabl><attalias Sync="TRUE">FID</attalias><attrtype Sync="TRUE">OID</attrtype><attwidth Sync="TRUE">4</attwidth><atprecis Sync="TRUE">0</atprecis><attscale Sync="TRUE">0</attscale><attrdef Sync="TRUE">Internal feature number.</attrdef><attrdefs Sync="TRUE">Esri</attrdefs><attrdomv><udom Sync="TRUE">Sequential unique whole numbers that are automatically generated.</udom></attrdomv></attr><attr><attrlabl Sync="TRUE">Shape</attrlabl><attalias Sync="TRUE">Shape</attalias><attrtype Sync="TRUE">Geometry</attrtype><attwidth Sync="TRUE">0</attwidth><atprecis Sync="TRUE">0</atprecis><attscale Sync="TRUE">0</attscale><attrdef Sync="TRUE">Feature geometry.</attrdef><attrdefs Sync="TRUE">ESRI</attrdefs><attrdomv><udom Sync="TRUE">Coordinates defining the features.</udom></attrdomv></attr><attr><attrlabl Sync="TRUE">IDDPTO</attrlabl><attalias Sync="TRUE">IDDPTO</attalias><attrtype Sync="TRUE">String</attrtype><attwidth Sync="TRUE">2</attwidth><atprecis Sync="TRUE">0</atprecis><attscale Sync="TRUE">0</attscale></attr><attr><attrlabl Sync="TRUE">DEPARTAMEN</attrlabl><attalias Sync="TRUE">DEPARTAMEN</attalias><attrtype Sync="TRUE">String</attrtype><attwidth Sync="TRUE">25</attwidth><atprecis Sync="TRUE">0</atprecis><attscale Sync="TRUE">0</attscale></attr><attr><attrlabl Sync="TRUE">IDPROV</attrlabl><attalias Sync="TRUE">IDPROV</attalias><attrtype Sync="TRUE">String</attrtype><attwidth Sync="TRUE">4</attwidth><atprecis Sync="TRUE">0</atprecis><attscale Sync="TRUE">0</attscale></attr><attr><attrlabl Sync="TRUE">PROVINCIA</attrlabl><attalias Sync="TRUE">PROVINCIA</attalias><attrtype Sync="TRUE">String</attrtype><attwidth Sync="TRUE">40</attwidth><atprecis Sync="TRUE">0</atprecis><attscale Sync="TRUE">0</attscale></attr><attr><attrlabl Sync="TRUE">IDDIST</attrlabl><attalias Sync="TRUE">IDDIST</attalias><attrtype Sync="TRUE">String</attrtype><attwidth Sync="TRUE">8</attwidth><atprecis Sync="TRUE">0</atprecis><attscale Sync="TRUE">0</attscale></attr><attr><attrlabl Sync="TRUE">DISTRITO</attrlabl><attalias Sync="TRUE">DISTRITO</attalias><attrtype Sync="TRUE">String</attrtype><attwidth Sync="TRUE">50</attwidth><atprecis Sync="TRUE">0</atprecis><attscale Sync="TRUE">0</attscale></attr><attr><attrlabl Sync="TRUE">CAPITAL</attrlabl><attalias Sync="TRUE">CAPITAL</attalias><attrtype Sync="TRUE">String</attrtype><attwidth Sync="TRUE">60</attwidth><atprecis Sync="TRUE">0</atprecis><attscale Sync="TRUE">0</attscale></attr><attr><attrlabl Sync="TRUE">CODCCPP</attrlabl><attalias Sync="TRUE">CODCCPP</attalias><attrtype Sync="TRUE">String</attrtype><attwidth Sync="TRUE">4</attwidth><atprecis Sync="TRUE">0</atprecis><attscale Sync="TRUE">0</attscale></attr><attr><attrlabl Sync="TRUE">AREA</attrlabl><attalias Sync="TRUE">AREA</attalias><attrtype Sync="TRUE">Integer</attrtype><attwidth Sync="TRUE">9</attwidth><atprecis Sync="TRUE">9</atprecis><attscale Sync="TRUE">0</attscale></attr><attr><attrlabl Sync="TRUE">FUENTE</attrlabl><attalias Sync="TRUE">FUENTE</attalias><attrtype Sync="TRUE">String</attrtype><attwidth Sync="TRUE">50</attwidth><atprecis Sync="TRUE">0</atprecis><attscale Sync="TRUE">0</attscale></attr></detailed></eainfo><mdDateSt Sync="TRUE">20181024</mdDateSt><mdChar><CharSetCd value="004" Sync="TRUE"></CharSetCd></mdChar><idinfo><native Sync="TRUE">Microsoft Windows 7 Version 6.1 (Build 7600) ; Esri ArcGIS 10.1.1.3143</native><citation><citeinfo><onlink Sync="TRUE">file://\\CIDEPC01\H$\DEMARCACION\BASE2018\Demarcación\Limites_072018.gdb</onlink><title Sync="TRUE">DISTRITO</title></citeinfo></citation><descript><langdata Sync="TRUE">spa</langdata></descript><natvform Sync="TRUE">File Geodatabase Feature Class</natvform><spdom><bounding><westbc Sync="TRUE">-81.3282304899999</westbc><eastbc Sync="TRUE">-68.6522791029997</eastbc><northbc Sync="TRUE">-0.0386059679999562</northbc><southbc Sync="TRUE">-18.3509277359999</southbc></bounding></spdom></idinfo><metainfo><langmeta Sync="TRUE">en</langmeta><metd Sync="TRUE">20181024</metd></metainfo><spref><horizsys><cordsysn><geogcsn Sync="TRUE">GCS_WGS_1984</geogcsn></cordsysn><geodetic><horizdn Sync="TRUE">D_WGS_1984</horizdn><ellips Sync="TRUE">WGS_1984</ellips><semiaxis Sync="TRUE">6378137</semiaxis></geodetic></horizsys></spref></metadata>
